patient,num_dose,num_ss,num_img,avg_airdose,avg_bodyair
018_006,2,1,197,553.742268,7.395721649
018_007,2,1,201,715.5670103,8.286737113
018_008,3,1,185,647.2310606,2.933215909
018_011,0,0,0,,
018_015,3,1,185,388.8542805,6.031775956
018_026,2,1,201,793.0309278,2.619180412
018_033,0,0,0,,
018_066,2,1,193,1737.217033,1.744741758
018_078,4,1,157,396.119281,2.116313725
018_119,2,1,181,1673.677143,0.42676
